-- ✅ Subject
INSERT INTO subject (id, name) VALUES
                                   (1, '부동산학개론'),
                                   (2, '민법');

-- ✅ Round
INSERT INTO round (id, name) VALUES
                                 (1, '35회차'),
                                 (2, '34회차'),
                                 (3, '33회차'),
                                 (4, '32회차'),
                                 (5, '31회차'),
                                 (6, '30회차'),
                                 (7, '29회차'),
                                 (8, '28회차'),
                                 (9, '27회차'),
                                 (10, '26회차');

-- ✅ Unit
INSERT INTO unit (id, name, subject_id) VALUES
                                            (1, '부동산의 개념과 분류', 1),
                                            (2, '부동산의 특성', 1),
                                            (3, '부동산 경제론', 1),
                                            (4, '부동산 시장론', 1),
                                            (5, '부동산입지론과 공간구조론', 1),
                                            (6, '부동산 정책론', 1),
                                            (7, '부동산 투자론', 1),
                                            (8, '부동산 금융론', 1),
                                            (9, '부동산 개발론', 1),
                                            (10, '부동산 관리론', 1),
                                            (11, '부동산 마케팅론', 1),
                                            (12, '감정평가의 기초이론', 1),
                                            (13, '감정평가 3방식 7방법', 1),
                                            (14, '부동산가격 공시제도', 1),
                                            (15, '법률사실', 2),
                                            (16, '법률행위', 2),
                                            (17, '의사표시', 2),
                                            (18, '대리행위', 2),
                                            (19, '무효와 취소', 2),
                                            (20, '조건과 기한', 2),
                                            (21, '물권법 일반', 2),
                                            (22, '물권의 변동', 2),
                                            (23, '점유권', 2),
                                            (24, '소유권', 2),
                                            (25, '용익물권', 2),
                                            (26, '담보물권', 2),
                                            (27, '계약법 총론', 2),
                                            (28, '매매', 2),
                                            (29, '임대차', 2),
                                            (30, '주택임대차보호법', 2),
                                            (31, '상가건물임대차보호법', 2),
                                            (32, '가등기담보', 2),
                                            (33, '집합건물법', 2),
                                            (34, '명의신탁', 2);

-- ✅ Problem
INSERT INTO problem (id, title, view_content, answer, subject_id, round_id, unit_id) VALUES
                                                                                          (1, '토지의 특성에 관한 설명으로 틀린 것은?', '토지의 특성에 대한 설명입니다.', 1, 1, 1, 2),
                                                                                          (2, '부동산 시장론에 관한 설명으로 옳은 것은?', '부동산 시장 특성 관련', 2, 1, 1, 2),
                                                                                          (3, '부동산 정책론에서 옳은 설명은?', '정책 관련 지문', 3, 1, 1, 1),
                                                                                          (4, '부동산 투자론의 핵심 개념은?', '투자론 관련 지문', 4, 1, 1, 1),
                                                                                          (5, '부동산 입지론의 중심 개념은?', '입지론 관련 지문', 5, 1, 1, 2),
                                                                                          (6, '물권법의 효력에 대한 설명 중 옳은 것은?', '물권법 핵심 설명', 1, 2, 2, 4),
                                                                                          (7, '채권과 물권의 차이로 맞는 것은?', '민법 기초', 2, 2, 2, 3),
                                                                                          (8, '담보물권의 특징은?', '담보물권 관련', 3, 2, 2, 4),
                                                                                          (9, '점유권과 소유권의 관계는?', '점유권 관련 설명', 4, 2, 2, 4),
                                                                                          (10, '민법 제103조에 해당하는 것은?', '민법 조항 관련', 5, 2, 2, 3);

-- ✅ ProblemChoice
INSERT INTO problem_choice (problem_id, content, is_correct) VALUES
                                                                 (1, '토지는 부증성이 있다.', false),
                                                                 (1, '토지는 영속성이 있다.', false),
                                                                 (1, '토지는 개별성이 있다.', false),
                                                                 (1, '토지는 부동성이 있다.', false),
                                                                 (1, '토지는 공급이 탄력적이다.', true),
                                                                 (2, '부동산 시장은 완전경쟁시장이다.', false),
                                                                 (2, '부동산 시장은 불완전경쟁시장이다.', true),
                                                                 (2, '부동산 가격은 변하지 않는다.', false),
                                                                 (2, '부동산 거래는 단기간에 끝난다.', false),
                                                                 (2, '부동산은 대체성이 높다.', false),
                                                                 (3, '정책은 변동성이 없다.', false),
                                                                 (3, '정부 개입은 필요 없다.', false),
                                                                 (3, '정책은 사회적 목표 달성을 위한 수단이다.', true),
                                                                 (3, '정책은 개인의 이익만을 위해 존재한다.', false),
                                                                 (3, '정책은 시장을 완전하게 만든다.', false),
                                                                 (4, '투자론은 위험과 수익의 조화를 추구한다.', true),
                                                                 (4, '투자론은 위험을 고려하지 않는다.', false),
                                                                 (4, '투자론은 법률에 근거한다.', false),
                                                                 (4, '투자론은 수익을 무조건 극대화한다.', false),
                                                                 (4, '투자론은 고정된 수익률을 보장한다.', false),
                                                                 (5, '입지론은 교통과 접근성을 고려한다.', true),
                                                                 (5, '입지론은 환경을 고려하지 않는다.', false),
                                                                 (5, '입지론은 경제를 고려하지 않는다.', false),
                                                                 (5, '입지론은 무조건 중심지가 좋다.', false),
                                                                 (5, '입지론은 입지를 고려하지 않는다.', false),
                                                                 (6, '물권은 절대권이다.', true),
                                                                 (6, '물권은 상대권이다.', false),
                                                                 (6, '물권은 채권과 동일하다.', false),
                                                                 (6, '물권은 권리 효력이 없다.', false),
                                                                 (6, '물권은 상호 계약으로만 발생한다.', false),
                                                                 (7, '채권은 대세적 효력이 있다.', false),
                                                                 (7, '물권은 대세적 효력이 있다.', true),
                                                                 (7, '채권은 절대권이다.', false),
                                                                 (7, '물권은 채권보다 약하다.', false),
                                                                 (7, '채권은 물권보다 강하다.', false),
                                                                 (8, '담보물권은 채권의 담보를 위해 존재한다.', true),
                                                                 (8, '담보물권은 소유권과 같다.', false),
                                                                 (8, '담보물권은 대세적 효력이 없다.', false),
                                                                 (8, '담보물권은 법률에 규정되지 않는다.', false),
                                                                 (8, '담보물권은 임의로 발생한다.', false),
                                                                 (9, '점유권은 소유권을 대체한다.', false),
                                                                 (9, '점유권은 사실상의 지배를 의미한다.', true),
                                                                 (9, '점유권은 법적 권리가 아니다.', false),
                                                                 (9, '소유권은 점유권보다 약하다.', false),
                                                                 (9, '소유권은 점유권과 동일하다.', false),
                                                                 (10, '민법 제103조는 선량한 풍속 기타 사회질서에 반하는 법률행위를 규정한다.', true),
                                                                 (10, '민법 제103조는 계약의 자유를 규정한다.', false),
                                                                 (10, '민법 제103조는 강행규정을 폐지한다.', false),
                                                                 (10, '민법 제103조는 소유권을 제한한다.', false),
                                                                 (10, '민법 제103조는 점유권을 규정한다.', false);
